fecha_corte,puntos_restantes,puntos_comprometidos_totales,issues_sin_estimar_aun_abiertos,fuente,calidad_dato
2026-08-31,118.0,118.0,21,"Jira Cloud API (https://f0rktech.atlassian.net), proyecto CM, sprint id 1, extraido 2026-09-18T20:32:39.135852-05:00",alta
2026-09-01,118.0,118.0,21,"Jira Cloud API (https://f0rktech.atlassian.net), proyecto CM, sprint id 1, extraido 2026-09-18T20:32:39.135852-05:00",alta
2026-09-02,118.0,118.0,21,"Jira Cloud API (https://f0rktech.atlassian.net), proyecto CM, sprint id 1, extraido 2026-09-18T20:32:39.135852-05:00",alta
2026-09-03,118.0,118.0,21,"Jira Cloud API (https://f0rktech.atlassian.net), proyecto CM, sprint id 1, extraido 2026-09-18T20:32:39.135852-05:00",alta
2026-09-04,118.0,118.0,21,"Jira Cloud API (https://f0rktech.atlassian.net), proyecto CM, sprint id 1, extraido 2026-09-18T20:32:39.135852-05:00",alta
2026-09-05,116.0,118.0,21,"Jira Cloud API (https://f0rktech.atlassian.net), proyecto CM, sprint id 1, extraido 2026-09-18T20:32:39.135852-05:00",alta
2026-09-06,116.0,118.0,21,"Jira Cloud API (https://f0rktech.atlassian.net), proyecto CM, sprint id 1, extraido 2026-09-18T20:32:39.135852-05:00",alta
2026-09-07,116.0,118.0,21,"Jira Cloud API (https://f0rktech.atlassian.net), proyecto CM, sprint id 1, extraido 2026-09-18T20:32:39.135852-05:00",alta
2026-09-08,116.0,118.0,21,"Jira Cloud API (https://f0rktech.atlassian.net), proyecto CM, sprint id 1, extraido 2026-09-18T20:32:39.135852-05:00",alta
2026-09-09,116.0,118.0,21,"Jira Cloud API (https://f0rktech.atlassian.net), proyecto CM, sprint id 1, extraido 2026-09-18T20:32:39.135852-05:00",alta
2026-09-10,114.0,118.0,21,"Jira Cloud API (https://f0rktech.atlassian.net), proyecto CM, sprint id 1, extraido 2026-09-18T20:32:39.135852-05:00",alta
2026-09-11,85.0,118.0,20,"Jira Cloud API (https://f0rktech.atlassian.net), proyecto CM, sprint id 1, extraido 2026-09-18T20:32:39.135852-05:00",alta
2026-09-12,85.0,118.0,20,"Jira Cloud API (https://f0rktech.atlassian.net), proyecto CM, sprint id 1, extraido 2026-09-18T20:32:39.135852-05:00",alta
2026-09-13,85.0,118.0,20,"Jira Cloud API (https://f0rktech.atlassian.net), proyecto CM, sprint id 1, extraido 2026-09-18T20:32:39.135852-05:00",alta
2026-09-14,85.0,118.0,20,"Jira Cloud API (https://f0rktech.atlassian.net), proyecto CM, sprint id 1, extraido 2026-09-18T20:32:39.135852-05:00",alta
2026-09-15,85.0,118.0,20,"Jira Cloud API (https://f0rktech.atlassian.net), proyecto CM, sprint id 1, extraido 2026-09-18T20:32:39.135852-05:00",alta
2026-09-16,79.0,118.0,15,"Jira Cloud API (https://f0rktech.atlassian.net), proyecto CM, sprint id 1, extraido 2026-09-18T20:32:39.135852-05:00",alta
2026-09-17,79.0,118.0,11,"Jira Cloud API (https://f0rktech.atlassian.net), proyecto CM, sprint id 1, extraido 2026-09-18T20:32:39.135852-05:00",alta
2026-09-18,79.0,118.0,6,"Jira Cloud API (https://f0rktech.atlassian.net), proyecto CM, sprint id 1, extraido 2026-09-18T20:32:39.135852-05:00",alta
