id_elemento,creado,primera_vez_en_curso,finalizado,lead_time_dias,cycle_time_dias,story_points,fuente
CM-181,2026-09-18,N/A - nunca pasó por En curso,2026-09-18,0,N/A,sin estimar,Jira (created via JQL; transiciones via changelog)
CM-176,2026-09-18,2026-09-18,2026-09-18,0,0,sin estimar,Jira (created via JQL; transiciones via changelog)
CM-171,2026-09-17,2026-09-17,2026-09-18,1,1,sin estimar,Jira (created via JQL; transiciones via changelog)
CM-169,2026-09-17,2026-09-17,2026-09-17,0,0,sin estimar,Jira (created via JQL; transiciones via changelog)
CM-167,2026-09-17,2026-09-17,2026-09-17,0,0,sin estimar,Jira (created via JQL; transiciones via changelog)
CM-166,2026-09-16,2026-09-16,2026-09-16,0,0,sin estimar,Jira (created via JQL; transiciones via changelog)
CM-165,2026-09-16,N/A - nunca pasó por En curso,2026-09-16,0,N/A,sin estimar,Jira (created via JQL; transiciones via changelog)
CM-164,2026-09-16,N/A - nunca pasó por En curso,2026-09-17,1,N/A,sin estimar,Jira (created via JQL; transiciones via changelog)
CM-162,2026-09-16,2026-09-17,2026-09-17,1,0,sin estimar,Jira (created via JQL; transiciones via changelog)
CM-161,2026-09-16,N/A - nunca pasó por En curso,2026-09-18,2,N/A,sin estimar,Jira (created via JQL; transiciones via changelog)
CM-160,2026-09-16,N/A - nunca pasó por En curso,2026-09-16,0,N/A,sin estimar,Jira (created via JQL; transiciones via changelog)
CM-159,2026-09-16,N/A - nunca pasó por En curso,2026-09-18,2,N/A,sin estimar,Jira (created via JQL; transiciones via changelog)
CM-157,2026-09-14,2026-09-14,2026-09-16,2,2,sin estimar,Jira (created via JQL; transiciones via changelog)
CM-156,2026-09-14,2026-09-14,2026-09-16,2,2,sin estimar,Jira (created via JQL; transiciones via changelog)
CM-141,2026-09-11,2026-09-11,2026-09-11,0,0,sin estimar,Jira (created via JQL; transiciones via changelog)
CM-135,2026-09-11,N/A - nunca pasó por En curso,2026-09-11,0,N/A,5.0,Jira (created via JQL; transiciones via changelog)
CM-134,2026-09-11,2026-09-11,2026-09-11,0,0,2.0,Jira (created via JQL; transiciones via changelog)
CM-132,2026-09-11,2026-09-11,2026-09-11,0,0,8.0,Jira (created via JQL; transiciones via changelog)
CM-129,2026-09-11,N/A - nunca pasó por En curso,2026-09-11,0,N/A,3.0,Jira (created via JQL; transiciones via changelog)
CM-124,2026-09-11,N/A - nunca pasó por En curso,2026-09-11,0,N/A,5.0,Jira (created via JQL; transiciones via changelog)
CM-119,2026-09-11,2026-09-11,2026-09-11,0,0,3.0,Jira (created via JQL; transiciones via changelog)
CM-112,2026-09-05,2026-09-05,2026-09-10,5,5,2.0,Jira (created via JQL; transiciones via changelog)
CM-103,2026-09-01,2026-09-04,2026-09-16,15,12,2.0,Jira (created via JQL; transiciones via changelog)
CM-102,2026-09-01,2026-09-03,2026-09-16,15,13,2.0,Jira (created via JQL; transiciones via changelog)
CM-101,2026-09-01,2026-09-04,2026-09-16,15,12,2.0,Jira (created via JQL; transiciones via changelog)
CM-100,2026-09-01,2026-09-03,2026-09-11,10,8,3.0,Jira (created via JQL; transiciones via changelog)
CM-99,2026-09-01,2026-09-02,2026-09-05,4,3,2.0,Jira (created via JQL; transiciones via changelog)
