id_elemento,fecha_hora,estado_anterior,estado_nuevo,fuente
CM-99,2026-09-02T17:00:55.577000-05:00,Por hacer,En curso,Jira changelog
CM-99,2026-09-03T04:42:19.316000-05:00,En curso,En revisión,Jira changelog
CM-100,2026-09-03T11:11:44.571000-05:00,Por hacer,En curso,Jira changelog
CM-102,2026-09-03T23:18:37.069000-05:00,Por hacer,En curso,Jira changelog
CM-101,2026-09-04T11:46:16.911000-05:00,Por hacer,En curso,Jira changelog
CM-101,2026-09-04T15:08:17.590000-05:00,En curso,Por hacer,Jira changelog
CM-103,2026-09-04T15:08:19.351000-05:00,Por hacer,En curso,Jira changelog
CM-112,2026-09-05T18:36:30.895000-05:00,Por hacer,En curso,Jira changelog
CM-99,2026-09-05T21:51:09.325000-05:00,En revisión,Finalizado,Jira changelog
CM-102,2026-09-06T18:00:52.200000-05:00,En curso,En revisión,Jira changelog
CM-102,2026-09-06T18:01:04.889000-05:00,En revisión,En pruebas,Jira changelog
CM-102,2026-09-06T18:01:13.600000-05:00,En pruebas,En revisión,Jira changelog
CM-104,2026-09-07T16:34:27.730000-05:00,Por hacer,En curso,Jira changelog
CM-103,2026-09-07T17:44:39.850000-05:00,En curso,En revisión,Jira changelog
CM-101,2026-09-08T10:20:48.523000-05:00,Por hacer,En curso,Jira changelog
CM-101,2026-09-10T10:30:56.851000-05:00,En curso,En revisión,Jira changelog
CM-14,2026-09-10T10:32:47.570000-05:00,Por hacer,En curso,Jira changelog
CM-16,2026-09-10T11:57:31.667000-05:00,Por hacer,En curso,Jira changelog
CM-17,2026-09-10T11:57:56.161000-05:00,Por hacer,En curso,Jira changelog
CM-18,2026-09-10T11:58:01.260000-05:00,Por hacer,En curso,Jira changelog
CM-20,2026-09-10T11:58:03.187000-05:00,Por hacer,En curso,Jira changelog
CM-19,2026-09-10T11:58:05.261000-05:00,Por hacer,En curso,Jira changelog
CM-112,2026-09-10T22:53:58.865000-05:00,En curso,Finalizado,Jira changelog
CM-119,2026-09-11T02:43:18.589000-05:00,Por hacer,En curso,Jira changelog
CM-119,2026-09-11T02:43:25.775000-05:00,En curso,En revisión,Jira changelog
CM-129,2026-09-11T03:49:20.625000-05:00,Por hacer,En revisión,Jira changelog
CM-119,2026-09-11T04:39:22.657000-05:00,En revisión,Finalizado,Jira changelog
CM-129,2026-09-11T04:39:25.467000-05:00,En revisión,Finalizado,Jira changelog
CM-132,2026-09-11T06:10:48.159000-05:00,Por hacer,En curso,Jira changelog
CM-133,2026-09-11T07:00:45.836000-05:00,Por hacer,En curso,Jira changelog
CM-134,2026-09-11T07:17:12.386000-05:00,Por hacer,En curso,Jira changelog
CM-124,2026-09-11T10:41:15.572000-05:00,Por hacer,Finalizado,Jira changelog
CM-132,2026-09-11T10:41:27.898000-05:00,En curso,En revisión,Jira changelog
CM-133,2026-09-11T10:41:30.231000-05:00,En curso,En revisión,Jira changelog
CM-134,2026-09-11T10:41:33.132000-05:00,En curso,En revisión,Jira changelog
CM-135,2026-09-11T10:41:39.491000-05:00,Por hacer,En revisión,Jira changelog
CM-132,2026-09-11T17:28:12.530000-05:00,En revisión,Finalizado,Jira changelog
CM-134,2026-09-11T17:28:15.079000-05:00,En revisión,Finalizado,Jira changelog
CM-135,2026-09-11T17:28:17.378000-05:00,En revisión,Finalizado,Jira changelog
CM-140,2026-09-11T17:31:42.995000-05:00,Por hacer,En curso,Jira changelog
CM-100,2026-09-11T19:16:43.377000-05:00,En curso,Finalizado,Jira changelog
CM-141,2026-09-11T22:41:12.423000-05:00,Por hacer,En curso,Jira changelog
CM-141,2026-09-11T22:43:56.022000-05:00,En curso,Finalizado,Jira changelog
CM-143,2026-09-11T23:48:19.648000-05:00,Por hacer,En curso,Jira changelog
CM-146,2026-09-12T15:04:02.386000-05:00,Por hacer,En curso,Jira changelog
CM-152,2026-09-13T23:51:01.520000-05:00,Por hacer,En curso,Jira changelog
CM-155,2026-09-14T04:45:16.971000-05:00,Por hacer,En curso,Jira changelog
CM-156,2026-09-14T07:29:36.917000-05:00,Por hacer,En curso,Jira changelog
CM-157,2026-09-14T07:47:04.477000-05:00,Por hacer,En curso,Jira changelog
CM-102,2026-09-16T10:11:56.633000-05:00,En revisión,Finalizado,Jira changelog
CM-103,2026-09-16T10:12:00.669000-05:00,En revisión,Finalizado,Jira changelog
CM-101,2026-09-16T10:12:03.725000-05:00,En revisión,Finalizado,Jira changelog
CM-166,2026-09-16T20:16:00.015000-05:00,Por hacer,En curso,Jira changelog
CM-160,2026-09-16T20:54:50.768000-05:00,Por hacer,Finalizado,Jira changelog
CM-166,2026-09-16T22:03:36.474000-05:00,En curso,En pruebas,Jira changelog
CM-157,2026-09-16T22:03:38.900000-05:00,En curso,En pruebas,Jira changelog
CM-156,2026-09-16T22:03:41.241000-05:00,En curso,En pruebas,Jira changelog
CM-165,2026-09-16T22:03:43.651000-05:00,Por hacer,En pruebas,Jira changelog
CM-166,2026-09-16T22:15:46.505000-05:00,En pruebas,Finalizado,Jira changelog
CM-165,2026-09-16T22:15:51.419000-05:00,En pruebas,Finalizado,Jira changelog
CM-157,2026-09-16T22:16:21.538000-05:00,En pruebas,Finalizado,Jira changelog
CM-156,2026-09-16T22:16:26.111000-05:00,En pruebas,Finalizado,Jira changelog
CM-164,2026-09-17T01:51:08.885000-05:00,Por hacer,Finalizado,Jira changelog
CM-167,2026-09-17T02:07:00.130000-05:00,Por hacer,En curso,Jira changelog
CM-104,2026-09-17T09:03:42.587000-05:00,En curso,En revisión,Jira changelog
CM-167,2026-09-17T09:55:46.222000-05:00,En curso,Finalizado,Jira changelog
CM-169,2026-09-17T10:24:33.660000-05:00,Por hacer,En curso,Jira changelog
CM-169,2026-09-17T10:36:27.569000-05:00,En curso,Finalizado,Jira changelog
CM-162,2026-09-17T20:28:46.786000-05:00,Por hacer,En curso,Jira changelog
CM-162,2026-09-17T20:54:52.900000-05:00,En curso,Finalizado,Jira changelog
CM-171,2026-09-17T23:32:09.613000-05:00,Por hacer,En curso,Jira changelog
CM-171,2026-09-18T00:49:53.064000-05:00,En curso,Finalizado,Jira changelog
CM-172,2026-09-18T00:51:51.452000-05:00,Por hacer,En curso,Jira changelog
CM-173,2026-09-18T07:13:04.672000-05:00,Por hacer,En curso,Jira changelog
CM-175,2026-09-18T10:13:19.320000-05:00,Por hacer,En curso,Jira changelog
CM-16,2026-09-18T10:34:27.124000-05:00,En curso,En revisión,Jira changelog
CM-17,2026-09-18T10:34:45.272000-05:00,En curso,En revisión,Jira changelog
CM-18,2026-09-18T10:34:51.021000-05:00,En curso,En revisión,Jira changelog
CM-20,2026-09-18T10:34:59.315000-05:00,En curso,En revisión,Jira changelog
CM-159,2026-09-18T14:20:30.889000-05:00,Por hacer,Finalizado,Jira changelog
CM-176,2026-09-18T14:24:47.566000-05:00,Por hacer,En curso,Jira changelog
CM-161,2026-09-18T17:22:23.839000-05:00,Por hacer,Finalizado,Jira changelog
CM-15,2026-09-18T17:45:53.955000-05:00,Por hacer,En curso,Jira changelog
CM-176,2026-09-18T18:11:55.549000-05:00,En curso,Finalizado,Jira changelog
CM-177,2026-09-18T18:37:07.712000-05:00,Por hacer,En curso,Jira changelog
CM-16,2026-09-18T18:41:07.761000-05:00,En revisión,En curso,Jira changelog
CM-16,2026-09-18T18:42:34.852000-05:00,En curso,En revisión,Jira changelog
CM-16,2026-09-18T18:51:38.894000-05:00,En revisión,En curso,Jira changelog
CM-17,2026-09-18T18:51:41.560000-05:00,En revisión,En curso,Jira changelog
CM-18,2026-09-18T18:51:44.260000-05:00,En revisión,En curso,Jira changelog
CM-20,2026-09-18T18:51:46.788000-05:00,En revisión,En curso,Jira changelog
CM-16,2026-09-18T18:52:32.445000-05:00,En curso,En revisión,Jira changelog
CM-17,2026-09-18T18:52:34.609000-05:00,En curso,En revisión,Jira changelog
CM-18,2026-09-18T18:52:39.829000-05:00,En curso,En revisión,Jira changelog
CM-20,2026-09-18T18:52:43.398000-05:00,En curso,En revisión,Jira changelog
CM-178,2026-09-18T18:59:35.688000-05:00,Por hacer,Por hacer,Jira changelog
CM-181,2026-09-18T19:28:47.715000-05:00,Por hacer,Finalizado,Jira changelog
