fecha_corte,por_hacer,en_curso,en_revisión,en_pruebas,finalizado,total,fuente,calidad_dato
2026-08-31,50,0,0,0,0,50,"Jira Cloud API (https://f0rktech.atlassian.net), proyecto CM, sprint id 1, extraido 2026-09-25T11:03:59.642452-05:00",observado
2026-09-01,50,0,0,0,0,50,"Jira Cloud API (https://f0rktech.atlassian.net), proyecto CM, sprint id 1, extraido 2026-09-25T11:03:59.642452-05:00",observado
2026-09-02,49,1,0,0,0,50,"Jira Cloud API (https://f0rktech.atlassian.net), proyecto CM, sprint id 1, extraido 2026-09-25T11:03:59.642452-05:00",observado
2026-09-03,47,2,1,0,0,50,"Jira Cloud API (https://f0rktech.atlassian.net), proyecto CM, sprint id 1, extraido 2026-09-25T11:03:59.642452-05:00",observado
2026-09-04,46,3,1,0,0,50,"Jira Cloud API (https://f0rktech.atlassian.net), proyecto CM, sprint id 1, extraido 2026-09-25T11:03:59.642452-05:00",observado
2026-09-05,45,4,0,0,1,50,"Jira Cloud API (https://f0rktech.atlassian.net), proyecto CM, sprint id 1, extraido 2026-09-25T11:03:59.642452-05:00",observado
2026-09-06,45,3,1,0,1,50,"Jira Cloud API (https://f0rktech.atlassian.net), proyecto CM, sprint id 1, extraido 2026-09-25T11:03:59.642452-05:00",observado
2026-09-07,44,3,2,0,1,50,"Jira Cloud API (https://f0rktech.atlassian.net), proyecto CM, sprint id 1, extraido 2026-09-25T11:03:59.642452-05:00",observado
2026-09-08,43,4,2,0,1,50,"Jira Cloud API (https://f0rktech.atlassian.net), proyecto CM, sprint id 1, extraido 2026-09-25T11:03:59.642452-05:00",observado
2026-09-09,43,4,2,0,1,50,"Jira Cloud API (https://f0rktech.atlassian.net), proyecto CM, sprint id 1, extraido 2026-09-25T11:03:59.642452-05:00",observado
2026-09-10,37,8,3,0,2,50,"Jira Cloud API (https://f0rktech.atlassian.net), proyecto CM, sprint id 1, extraido 2026-09-25T11:03:59.642452-05:00",observado
2026-09-11,27,9,4,0,10,50,"Jira Cloud API (https://f0rktech.atlassian.net), proyecto CM, sprint id 1, extraido 2026-09-25T11:03:59.642452-05:00",observado
2026-09-12,26,10,4,0,10,50,"Jira Cloud API (https://f0rktech.atlassian.net), proyecto CM, sprint id 1, extraido 2026-09-25T11:03:59.642452-05:00",observado
2026-09-13,25,11,4,0,10,50,"Jira Cloud API (https://f0rktech.atlassian.net), proyecto CM, sprint id 1, extraido 2026-09-25T11:03:59.642452-05:00",observado
2026-09-14,22,14,4,0,10,50,"Jira Cloud API (https://f0rktech.atlassian.net), proyecto CM, sprint id 1, extraido 2026-09-25T11:03:59.642452-05:00",observado
2026-09-15,22,14,4,0,10,50,"Jira Cloud API (https://f0rktech.atlassian.net), proyecto CM, sprint id 1, extraido 2026-09-25T11:03:59.642452-05:00",observado
2026-09-16,20,12,1,0,17,50,"Jira Cloud API (https://f0rktech.atlassian.net), proyecto CM, sprint id 1, extraido 2026-09-25T11:03:59.642452-05:00",observado
2026-09-17,17,12,2,0,19,50,"Jira Cloud API (https://f0rktech.atlassian.net), proyecto CM, sprint id 1, extraido 2026-09-25T11:03:59.642452-05:00",observado
2026-09-18,10,11,7,0,22,50,"Jira Cloud API (https://f0rktech.atlassian.net), proyecto CM, sprint id 1, extraido 2026-09-25T11:03:59.642452-05:00",observado
2026-09-19,5,12,7,1,25,50,"Jira Cloud API (https://f0rktech.atlassian.net), proyecto CM, sprint id 1, extraido 2026-09-25T11:03:59.642452-05:00",observado
2026-09-20,1,9,2,9,29,50,"Jira Cloud API (https://f0rktech.atlassian.net), proyecto CM, sprint id 1, extraido 2026-09-25T11:03:59.642452-05:00",observado
2026-09-21,1,9,2,9,29,50,"Jira Cloud API (https://f0rktech.atlassian.net), proyecto CM, sprint id 1, extraido 2026-09-25T11:03:59.642452-05:00",observado
2026-09-22,1,9,2,9,29,50,"Jira Cloud API (https://f0rktech.atlassian.net), proyecto CM, sprint id 1, extraido 2026-09-25T11:03:59.642452-05:00",observado
2026-09-23,1,3,0,8,38,50,"Jira Cloud API (https://f0rktech.atlassian.net), proyecto CM, sprint id 1, extraido 2026-09-25T11:03:59.642452-05:00",observado
2026-09-24,0,1,1,8,40,50,"Jira Cloud API (https://f0rktech.atlassian.net), proyecto CM, sprint id 1, extraido 2026-09-25T11:03:59.642452-05:00",observado
2026-09-25,0,1,1,8,40,50,"Jira Cloud API (https://f0rktech.atlassian.net), proyecto CM, sprint id 1, extraido 2026-09-25T11:03:59.642452-05:00",observado
